{
  "name": "Location",
  "base": "PersistedModel",
  "strict": false,
  "idInjection": false,
  "properties": {
    "Coordinates": {
      "type": "geopoint",
      "index": true
    },
    "Country": {
      "type": "string",
      "index": true
    },
    "Region": {
      "type": "string",
      "index": true
    },
    "City": {
      "type": "string"
    },
    "Address": {
      "type": "string"
    },
    "Name": {
      "type": "string"
    },
    "Zip": {
      "type": "string"
    },
    "isOffice": {
      "type": "boolean",
      "index": true
    }
  },
  "validations": [],
  "relations": {
    "regionalData": {
      "type": "belongsTo",
      "model": "RegionalData",
      "foreignKey": "regionalDataId"
    }
  },
  "acls": [],
  "methods": []
}
