{
  "_meta": {
    "sources": [
      "loopback/common/models",
      "loopback/server/models",
      "../common/models",
      "./models"
    ]
  },
  "Email": {
    "dataSource": "EmailDS"
  },
  "AccessToken": {
    "dataSource": "MongoDB",
    "public": false
  },
  "ACL": {
    "dataSource": "MongoDB",
    "public": false
  },
  "RoleMapping": {
    "dataSource": "MongoDB",
    "public": false
  },
  "Role": {
    "dataSource": "MongoDB",
    "public": false
  },
  "Project": {
    "dataSource": "MongoDB",
    "public": true
  },
  "SystemUser": {
    "dataSource": "MongoDB",
    "options": {
      "realmRequired": true,
      "realmDelimiter": ":"
    },
    "public": true
  },
  "RegionalData": {
    "dataSource": "MongoDB",
    "public": true
  },
  "Location": {
    "dataSource": "MongoDB",
    "public": true
  }
}
